{"color":{"r":0.2196078431372549,"b":0.7019607843137254,"g":0.627450980392157,"a":1},"index":1,"category":"Colors"}