{"color":{"r":0.02745098039215688,"b":0.1725490196078431,"g":0.1607843137254902,"a":1},"index":2,"category":"Colors"}