{"color":{"r":0.9254901960784314,"b":0.9882352941176471,"g":0.9803921568627451,"a":1},"index":0,"category":"Colors"}