{"index":0,"textStyle":{"fontSize":40,"lineHeight":40,"fontPostscriptName":"OmnesLight","color":{"r":0.2196078431372549,"b":0.7019607843137254,"g":0.627450980392157,"a":1}},"category":"Text Styles","name":"H1 text - Omnes Ligh"}